id,task_name,target_scope,app_target,devices_affected,status,command_script,created_at
"1","Fleet SOCKS5 & 4G LTE Tunnel Handshake Verification","ALL_SHARDS [1,200 NODES]","PROXY","1200","COMPLETED","adb shell settings put global http_proxy <node_unique_ip>:<port> && curl -s https://api.ipify.org","2026-09-29T08:11:09.555732"
"2","Google Play Services & Gmail 2FA Session Token Refresh","SHARD-01 [0001-0300]","GMAIL","300","COMPLETED","am start -n com.google.android.gm/.ConversationListActivityGmail && input swipe 540 1600 540 400 350","2026-09-29T08:11:09.555732"
"3","Facebook App Warmup: Reels Scroll & Ads Manager Check","SHARD-02 [0301-0600]","FACEBOOK","300","COMPLETED","am start -n com.facebook.katana/.LoginActivity && uiautomator runtest fb_feed_warmup.jar","2026-09-29T08:11:09.555732"
"4","YouTube Creator Feed Watch & Organic Subscription Sync","SHARD-03 [0601-0900]","YOUTUBE","300","COMPLETED","am start -a android.intent.action.VIEW -d 'https://m.youtube.com' com.google.android.youtube","2026-09-29T08:11:09.555732"
"5","Bulk Provisioned +300 Cloud ARM64 Android Nodes","NODES [1201-1500]","SYSTEM","300","COMPLETED","fleet-ctl provision --arch arm64-v8a --count 300 --unique-proxies --inject-accounts gmail,fb,yt","2026-09-29T08:11:21.619785"
"6","Fleet Facebook News Feed Scroll, Like & Reels Warmup","ALL_SHARDS [ENTIRE FLEET]","FACEBOOK","1200","COMPLETED","for node in $(fleet-nodes); do adb -s $node shell am start -n com.facebook.katana/.LoginActivity; done","2026-09-29T08:14:47.773333"
"7","Bulk Provisioned +500 Cloud ARM64 Android Nodes","NODES [1501-2000]","SYSTEM","500","COMPLETED","fleet-ctl provision --arch arm64-v8a --count 500 --unique-proxies --inject-accounts gmail,fb,yt","2026-09-29T08:15:03.258788"
"8","Rotated Dedicated Proxy Tunnel for NODE-0001 -> 163.53.69.241","NODE-0001","PROXY","1","COMPLETED","iptables -t nat -F && redsocks -c /etc/redsocks_NODE-0001.conf # 163.53.69.241:34118 (KPN B.V. Residential)","2026-09-29T08:15:53.738554"
"9","Synced Account Vault (Gmail/FB/YT) on NODE-0001","NODE-0001","FACEBOOK","1","COMPLETED","sqlite3 /data/system_ce/0/accounts_ce.db \"UPDATE accounts SET name='kenji.delgado.1@gmail.com';\"","2026-09-29T08:15:58.168553"
"10","Fleet YouTube Auto-Watch & Subscription Warmup","ALL_SHARDS [ENTIRE FLEET]","YOUTUBE","1200","COMPLETED","for node in $(fleet-nodes); do adb -s $node shell am start -n com.google.android.youtube/.HomeActivity; done","2026-09-29T08:16:31.999271"
"11","Fleet Gmail Inbox Read, Star & 2FA Trust Refresh","ALL_SHARDS [ENTIRE FLEET]","GMAIL","1200","COMPLETED","for node in $(fleet-nodes); do adb -s $node shell am start -n com.google.android.gm/.ConversationListActivityGmail; done","2026-09-29T08:16:35.752881"
"12","Synced Account Vault (Gmail/FB/YT) on NODE-0001","NODE-0001","FACEBOOK","1","COMPLETED","sqlite3 /data/system_ce/0/accounts_ce.db \"UPDATE accounts SET name='kenji.delgado.1@gmail.com';\"","2026-09-29T08:18:53.704246"
"13","Fleet YouTube Auto-Watch & Subscription Warmup","ALL_SHARDS [ENTIRE FLEET]","YOUTUBE","1200","COMPLETED","for node in $(fleet-nodes); do adb -s $node shell am start -n com.google.android.youtube/.HomeActivity; done","2026-09-29T08:20:16.428317"